{"cameraMode":{"drawMode":0,"name":"Shaded","section":"Shading Mode"},"sceneLighting":false,"audioPlay":false,"sceneViewState":{"showFog":true,"showMaterialUpdate":false,"showSkybox":true,"showFlares":true,"showImageEffects":true,"showParticleSystems":true},"in2DMode":false,"pivot":{"x":2.9802322387695315e-8,"y":2.9802322387695315e-8,"z":0.28960028290748598},"rotation":{"x":0.027127230539917947,"y":-0.9060956239700317,"z":0.41808944940567019,"w":0.05878932401537895},"size":22.0,"orthographic":false}