{"cameraMode":{"drawMode":0,"name":"Shaded","section":"Shading Mode"},"sceneLighting":false,"audioPlay":false,"sceneViewState":{"showFog":true,"showMaterialUpdate":false,"showSkybox":true,"showFlares":true,"showImageEffects":true,"showParticleSystems":true},"in2DMode":false,"pivot":{"x":2.9802322387695315e-8,"y":2.9802322387695315e-8,"z":0.28960028290748598},"rotation":{"x":0.12517650425434113,"y":-0.8502870202064514,"z":0.2342337816953659,"w":0.4543978273868561},"size":0.7448181509971619,"orthographic":false}